ACTIVE U.S. SKI AREAS - 2024-25,,,,,,,,,,,
LOCATION,MOUNTAIN,"LIFT-
SERVED
VERTICAL
DROP 
(Feet)","LIFT-
SERVED
SKIABLE
ACRES","AVERAGE
ANNUAL
SNOWFALL 
(inches)",OWNER,"PASS 
AFFILIATIONS ","ANTICIPATE
OPERATING 
24/25?","OPERATED
23/24?","SURFACE
LIFTS
ONLY?","OPEN TO
PUBLIC?","SKIED 
(Admin 
use
only)"
U.S. - Alabama,Cloudmont,150,9,1,Independent,,Yes,No,Yes,Yes,No
U.S. - Alaska,Alyeska,"2,500","1,610",650,Independent,Ikon,Yes,Yes,No,Yes,No
,Arctic Valley,"1,400",320,250,Independent,Indy,Yes,Yes,No,Yes,No
,Birch Hill,540,,N/A,Independent,,Yes,Yes,No,Yes,No
,Eaglecrest,"1,620",640,350,Independent,"Indy, Powder Alliance, Freedom",Yes,Yes,No,Yes,No
,Hillberg,263,,N/A,Independent,,Yes,Yes,No,Yes,No
,Hilltop,294,30,76,Independent,,Yes,Yes,No,Yes,No
,Homer Rope Tow,260,20,N/A,Independent,,Yes,Yes,Yes,No,No
,Iceman Falls,300,,N/A,Independent,,Yes,Yes,No,No,No
,Moose Mountain,"1,300",750,100,Independent,Indy,Yes,Yes,Yes,Yes,No
,Mount Eyak,800,100,350,Independent,Indy,Yes,Yes,No,Yes,No
,Skeetawk,300,30,N/A,Independent,,Yes,Yes,No,Yes,No
,Ski Land,"1,027",100,300,Independent,,Yes,Yes,No,Yes,No
U.S. - Arizona,Arizona Snowbowl,"2,800",777,260,Mountain Capital Partners,Power,Yes,Yes,No,Yes,No
,Sunrise Park,"1,800","1,200",250,Independent,Indy,Yes,Yes,No,Yes,No
U.S. - California,Bear Mountain (Big Bear),"1,665",198,100,Alterra ,Ikon,Yes,Yes,No,Yes,No
,Bear Valley,"1,900","1,680",359,California Mountain Resort Company,"Indy, Powder Alliance",Yes,Yes,No,Yes,No
,Boreal,500,380,400,Powdr,,Yes,Yes,No,Yes,No
,China Peak,"1,679","1,200",300,California Mountain Resort Company,"Indy, Powder Alliance",Yes,Yes,No,Yes,No
,Coppervale,740,80,N/A,Independent,,Yes,Yes,Yes,Yes,No
,Dodge Ridge,"1,600",862,300,California Mountain Resort Company,"Indy, Powder Alliance",Yes,Yes,No,Yes,No
,Donner Ski Ranch,750,460,396,Independent,,Yes,Yes,No,Yes,No
,Granlibakken,200,25,170,Independent,,Yes,Yes,Yes,Yes,No
,Heavenly,"3,500","4,800",360,Vail Resorts,Epic,Yes,Yes,No,Yes,Yes
,June Mountain,"2,590","1,500",250,Alterra ,Ikon,Yes,Yes,No,Yes,No
,Kingvale,150,50,25,Independent,,Yes,Yes,Yes,Yes,No
,Kirkwood,"2,000","2,300",354,Vail Resorts,Epic,Yes,Yes,No,Yes,Yes
,Mammoth,"3,100","3,500",400,Alterra ,Ikon,Yes,Yes,No,Yes,Yes
,Mountain  High: West,"1,000",145,117,California Mountain Resort Company,"Indy, Powder Alliance",Yes,Yes,No,Yes,Yes
,Mountain High: East,"1,600",145,117,California Mountain Resort Company,"Indy, Powder Alliance",Yes,Yes,No,Yes,Yes
,Mt. Baldy,"2,100",800,170,Independent,,Yes,Yes,No,Yes,Yes
,Mt. Shasta,"2,036",635,157,Independent,"Indy, Powder Alliance",Yes,Yes,No,Yes,No
,Northstar,"2,280","3,170",350,Vail Resorts,Epic,Yes,Yes,No,Yes,Yes
,Palisades Tahoe,"2,850","6,000",400,Alterra ,Ikon,Yes,Yes,No,Yes,Yes
,Sierra-at-Tahoe,"2,212","2,000",480,Independent,"Ikon, Powder Alliance, Left Epic",Yes,Yes,No,Yes,No
,Snow Summit (Big Bear),"1,200",240,100,Alterra ,Ikon,Yes,Yes,No,Yes,No
,Snow Valley,"1,041",240,160,Alterra ,Ikon,Yes,Yes,No,Yes,Yes
,Soda Springs,550,200,400,Powdr,,Yes,Yes,No,Yes,No
,Sugar Bowl,"1,500","1,650",500,Independent,Mountain Collective,Yes,Yes,No,Yes,No
,Tahoe Donner,600,120,400,Independent,,Yes,Yes,No,Yes,No
U.S. - Colorado,Arapahoe Basin,"1,695","1,428",350,Alterra ,"Ikon, Left Epic",Yes,Yes,No,Yes,Summer
,Aspen Highlands,"3,635","1,010",300,Aspen Skiing Company,"Ikon, Mountain Collective",Yes,Yes,No,Yes,Yes
,Aspen Mountain,"3,267",826,300,Aspen Skiing Company,"Ikon, Mountain Collective",Yes,Yes,No,Yes,Yes
,Beaver Creek,"3,340","2,082",325,Vail Resorts,Epic,Yes,Yes,No,Yes,Yes
,Breckenridge,"3,398","2,908",355,Vail Resorts,Epic,Yes,Yes,No,Yes,Yes
,Buttermilk,"2,030",435,200,Aspen Skiing Company,"Ikon, Mountain Collective",Yes,Yes,No,Yes,Yes
,Chapman,N/A,7,71,Independent,,Yes,Yes,Yes,Yes,No
,Copper Mountain,"2,738","2,538",305,Powdr,Ikon,Yes,Yes,No,Yes,Yes
,Cranor Hill,305,,N/A,Independent,,Yes,Yes,Yes,Yes,No
,Crested Butte,"2,775","1,547",234,Vail Resorts,Epic,Yes,Yes,No,Yes,Yes
,Echo Mountain,600,60,150,Independent,Indy,Yes,Yes,No,Yes,No
,Eldora,"1,400",680,300,Powdr,Ikon,Yes,Yes,No,Yes,Yes
,Frisco,N/A,,N/A,Independent,,Yes,Yes,Yes,Yes,No
,Granby Ranch,"1,000",406,120,Independent,Indy,Yes,Yes,No,Yes,No
,Hoedown Hill,130,12,24,Independent,Indy,Yes,Yes,Yes,Yes,No
,Howelsen Hill,440,50,170,Independent,Indy,Yes,Yes,No,Yes,Summer
,Kendall Mountain,240,16,200,Independent,,Yes,Yes,No,Yes,No
,Keystone,"3,128","3,149",235,Vail Resorts,Epic,Yes,Yes,No,Yes,Yes
,Lake City,250,14,N/A,Independent,,Yes,Yes,Yes,Yes,No
,Lee's,75,2,134,Independent,,Yes,Yes,Yes,Yes,No
,Loveland,"2,210","1,800",422,Independent,"Indy, Powder Alliance",Yes,Yes,No,Yes,No
,Loveland Valley,819,,N/A,Independent,"Indy, Powder Alliance",Yes,Yes,No,Yes,No
,Monarch,"1,162","1,177",350,Independent,Power,Yes,Yes,No,Yes,No
,Powderhorn,"1,650","1,600",250,Pacific Group Resorts,Indy,Yes,Yes,No,Yes,No
,Purgatory,"2,029","1,635",260,Mountain Capital Partners,Power,Yes,Yes,No,Yes,No
,Silverton (unguided),"1,900","1,819",400,Independent,,Yes,Yes,No,Yes,No
,Ski Cooper,"1,200",480,260,Independent,"Powder Alliance, Freedom",Yes,Yes,No,Yes,No
,Snowmass,"4,406","3,342",300,Aspen Skiing Company,"Ikon, Mountain Collective",Yes,Yes,No,Yes,Yes
,Steamboat,"3,668","3,741",313,Alterra ,Ikon,Yes,Yes,No,Yes,Yes
,Sunlight,"2,010",730,250,Independent,"Indy, Freedom",Yes,Yes,No,Yes,No
,Telluride,"3,790","2,000",280,Independent,Epic,Yes,Yes,No,Yes,No
,Vail Mountain    ,"3,450","5,317",354,Vail Resorts,Epic,Yes,Yes,No,Yes,Yes
,Winter Park,"3,060","3,081",327,Alterra ,Ikon,Yes,Yes,No,Yes,Yes
,Wolf Creek,"1,604","1,600",430,Independent,,Yes,Yes,No,Yes,No
U.S. - Connecticut,Lakeridge,163,,N/A,Independent,,Yes,Yes,No,No,No
,Mohawk Mountain,650,107,92,Independent,Indy,Yes,Yes,No,Yes,Yes
,Mount Southington,425,51,80,Independent,Freedom,Yes,Yes,No,Yes,Yes
,Powder Ridge,550,80,38,Independent,,Yes,Yes,No,Yes,Yes
,Ski Sundown,625,65,45,Independent,,Yes,Yes,No,Yes,Yes
U.S. - Idaho,Bald Mountain,684,140,100,Independent,,Yes,Yes,Yes,Yes,No
,Bogus Basin,"1,800","2,600",250,Independent,"Powder Alliance, Freedom",Yes,Yes,No,Yes,No
,Brundage,"1,921","1,920",320,Independent,Indy,Yes,Yes,No,Yes,No
,Chipmunk Hills,301,30,N/A,Independent,,Yes,Yes,Yes,Yes,No
,Cottonwood Butte,845,260,45,Independent,,Yes,Yes,Yes,Yes,No
,Gateway Parks: Eagle Island,N/A,,N/A,Gateway,,Yes,Yes,Yes,Yes,No
,Gateway Parks: Idaho Falls,N/A,,N/A,Gateway,,Yes,Yes,Yes,Yes,No
,Kelly Canyon,"1,000",640,200,Independent,Indy,Yes,Yes,No,Yes,No
,Little Ski Hill,405,50,180,Independent,,Yes,Yes,Yes,Yes,No
,Lookout Pass,"1,650","1,023",400,Independent,,Yes,Yes,No,Yes,No
,Magic Mountain,740,120,230,Independent,,Yes,Yes,No,Yes,Yes
,Pebble Creek,"2,200","1,100",225,Independent,,Yes,Yes,No,Yes,No
,Pomerelle,"1,000",500,500,Independent,Indy,Yes,Yes,No,Yes,No
,Rotarun,485,,100,Independent,,Yes,Yes,Yes,Yes,Yes
,Schweitzer,"2,400","2,900",300,Alterra ,Ikon,Yes,Yes,No,Yes,No
,Silver Mountain,"2,200","1,600",340,CMR Lands,"Indy, Powder Alliance",Yes,Yes,No,Yes,Yes
,Snowhaven,400,40,60,Independent,,Yes,Yes,Yes,Yes,No
,Soldier Mountain,"1,421","1,150",300,Independent,Indy,Yes,Yes,No,Yes,Yes
,Sun Valley: Bald ,"3,400","2,533",200,Holding Family,"Ikon, Mountain Collective, Left Epic",Yes,Yes,No,Yes,Yes
,Sun Valley: Dollar ,628,,N/A,Holding Family,"Ikon, Mountain Collective, Left Epic",Yes,Yes,No,Yes,Yes
,Tamarack,"2,800","1,100",300,Independent,Indy,Yes,Yes,No,Yes,No
U.S. - Illinois,Alpine Hills Adventure Park,N/A,,N/A,Independent,,Yes,Yes,Yes,Yes,Yes
,Chestnut,475,220,34,Independent,Indy,Yes,Yes,No,Yes,Yes
,Fourlakes,100,9,24,Independent,,Yes,Yes,Yes,Yes,No
,Snowstar,262,28,39,Independent,Indy,Yes,Yes,No,Yes,No
,Villa Olivia,180,15,25,Independent,,Yes,Yes,No,Yes,No
U.S. - Indiana,Paoli Peaks,300,65,18,Vail Resorts,Epic,Yes,Yes,No,Yes,No
,Perfect North,400,100,18,Perfect Family,,Yes,Yes,No,Yes,No
U.S. - Iowa,Crescent Hill at Hitchcock,300,50,30,Independent,,Yes,Yes,No,Yes,No
,Seven Oaks,240,35,40,Independent,Freedom,Yes,Yes,No,Yes,No
,Sundown,475,85,45,Independent,Indy,Yes,Yes,No,Yes,Yes
U.S. - Maine,Baker,460,,N/A,Independent,,Yes,Yes,Yes,Yes,No
,Big Moose,587,,136,Independent,"Indy, Uphill New England",Yes,Yes,No,Yes,No
,Bigrock,920,90,94,Independent,Indy,Yes,Yes,No,Yes,No
,Black Mountain of Maine,"1,150",300,120,Independent,"Indy, Uphill New England",Yes,Yes,No,Yes,Yes
,Camden Snow Bowl,850,105,50,Independent,"Indy, Uphill New England",Yes,Yes,No,Yes,No
,Caribou High School,85,,N/A,Independent,,Yes,Yes,Yes,No,No
,Hermon Mountain,256,60,90,Independent,,Yes,Yes,No,Yes,No
,Lonesome Pine,440,,N/A,Independent,,Yes,Yes,Yes,Yes,No
,Lost Valley,240,45,99,Independent,"Indy, Freedom",Yes,Yes,No,Yes,No
,Mount Abram,"1,150",170,115,Independent,"Indy, Uphill New England",Yes,Yes,No,Yes,No
,Mount Jefferson,432,160,75,Independent,,Yes,Yes,Yes,Yes,No
,O'Connor (Kent School),210,,N/A,Independent,,Yes,Yes,Yes,No,No
,Pinnacle,100,,N/A,Independent,,Yes,No,Yes,Yes,No
,Pleasant Mountain,"1,300",249,110,Boyne Resorts,New England Pass,Yes,Yes,No,Yes,Yes
,Powderhouse Hill,175,,N/A,Independent,,Yes,Yes,Yes,Yes,No
,Quarry Road,75,,N/A,Independent,,Yes,Yes,Yes,Yes,No
,Quoggy Joe,215,,N/A,Independent,,Yes,Yes,Yes,Yes,No
,Saddleback,"2,000",600,225,Independent,"Indy, Uphill New England",Yes,Yes,No,Yes,Yes
,Spruce Mountain,300,,N/A,Independent,,Yes,Yes,Yes,Yes,No
,Sugarloaf,"2,820","1,360",200,Boyne Resorts,"Ikon, Mountain Collective, New England Pass",Yes,Yes,No,Yes,Yes
,Sunday River,"2,350","1,184",167,Boyne Resorts,"Ikon, Mountain Collective, New England Pass",Yes,Yes,No,Yes,Yes
,Titcomb,350,45,85,Independent,,Yes,Yes,Yes,Yes,No
U.S. - Maryland,Wisp,700,132,100,Pacific Group Resorts,Indy,Yes,Yes,No,Yes,Yes
U.S. - Massachusetts,Berkshire East,"1,180",180,120,Schaefer Family,"Indy, Uphill New England",Yes,Yes,No,Yes,Yes
,Blue Hills,309,60,N/A,Independent,,Yes,Yes,No,Yes,Yes
,Bousquet,750,200,83,Independent,Indy,Yes,Yes,No,Yes,Yes
,Butternut,"1,000",110,110,Murdock Family,Freedom,Yes,Yes,No,Yes,Yes
,Catamount,"1,000",133,108,Schaefer Family,Indy,Yes,Yes,No,Yes,Yes
,Easton (Eaglebrook School),440,,N/A,Independent,,Yes,Yes,No,No,No
,Jiminy Peak,"1,150",167.4,100,Fairbank Group,"Ikon, Uphill New England",Yes,Yes,No,Yes,Yes
,Mt. Greylock Ski Club,350,,N/A,Independent,,Yes,Yes,Yes,No,No
,Nashoba Valley,240,59,50,Independent,,Yes,Yes,No,Yes,Yes
,Otis Ridge,400,70,70,Murdock Family,,Yes,Yes,No,Yes,Yes
,Ski Bradford,220,48,N/A,Independent,,Yes,Yes,No,Yes,Yes
,Ski Ward,220,45,80,Independent,,Yes,Yes,No,Yes,Yes
,Wachusett,"1,000",110,100,Independent,,Yes,Yes,No,Yes,Yes
U.S. - Michigan,Adventure Mountain (UP),134,,N/A,Independent,,Yes,Yes,Yes,Yes,No
,Alpine Valley,300,100,20,Wisconsin Resorts,,Yes,Yes,No,Yes,Yes
,Big Powderhorn (UP),622,253,214,Independent,Indy,Yes,Yes,No,Yes,Yes
,Big Valley (UP),75,5,N/A,Independent,,Yes,Yes,Yes,Yes,No
,Bittersweet,350,100,90,Wisconsin Resorts,,Yes,Yes,No,Yes,Summer
,Boyne Mountain,500,435,140,Boyne Resorts,"Ikon, New England Pass",Yes,Yes,No,Yes,Yes
,Caberfae Peaks,485,200,140,Independent,"Indy, Freedom",Yes,Yes,No,Yes,Yes
,Cannonsburg,250,100,100,Independent,,Yes,Yes,No,Yes,Yes
,Challenge Mountain,370,,N/A,Independent,,Yes,Yes,Yes,No,No
,Covington (UP),115,,N/A,Independent,,Yes,No,Yes,Yes,No
,Crystal Mountain MI,375,103,132,Independent,Indy,Yes,Yes,No,Yes,Yes
,Crystella (UP),69,,N/A,Independent,,Yes,Yes,Yes,Yes,No
,Gladstone (UP) (J&M Bess),131,25,50,Independent,,Yes,Yes,Yes,Yes,No
,Hanson Hills,225,125,60,Independent,,Yes,Yes,Yes,Yes,Yes
,Hiawatha (Chatham) (UP),86,,N/A,Independent,,Yes,Yes,Yes,Yes,No
,Hickory Hills,237,125,60,Independent,,Yes,Yes,Yes,Yes,Summer
,Homestead,225,16,150,Independent,,Yes,Yes,No,Yes,Summer
,Marquette Mountain (UP),500,330,210,Independent,Indy,Yes,Yes,No,Yes,Yes
,Missaukee Mountain,500,25,90,Independent,,Yes,Yes,Yes,Yes,No
,Mont Ripley (UP),440,112,275,Independent,Indy Allied,Yes,Yes,No,Yes,Yes
,Mount Bohemia (UP),900,585,273,Independent,,Yes,Yes,No,Yes,Yes
,Mount Brighton,230,130,60,Vail Resorts,Epic,Yes,Yes,No,Yes,Yes
,Mount Holiday,180,45,120,Independent,Indy,Yes,Yes,No,Yes,Summer
,Mount Holly,350,100,42,Wisconsin Resorts,,Yes,Yes,No,Yes,Yes
,Mount McSauba,150,80,130,Independent,,Yes,Yes,Yes,Yes,No
,Mount Zion (UP),300,20,200,Independent,,Yes,Yes,No,Yes,Yes
,Mulligan’s Hollow,130,7,60,Independent,,Yes,Yes,Yes,Yes,Summer
,Norway Mountain,500,186,50,Independent,"Indy, Freedom",Yes,No,No,Yes,No
,Nub’s Nob,427,248,123,Independent,Indy,Yes,Yes,No,Yes,Yes
,Otsego,400,160,155,Independent,,Yes,Yes,No,Yes,Summer
,Pine Knob,300,80,60,Wisconsin Resorts,,Yes,Yes,No,Yes,Summer
,Pine Mountain (UP),500,80,60,Independent,Indy,Yes,Yes,No,Yes,No
,Porkies (UP),640,200,200,Independent,,Yes,Yes,No,Yes,Yes
,Sault Seal (UP),76,,N/A,Independent,,Yes,No,Yes,Yes,No
,Shanty Creek - Schuss,450,80,160,Independent,Indy,Yes,Yes,No,Yes,Yes
,Ski Brule (UP),500,150,150,Independent,,Yes,Yes,No,Yes,Yes
,Snow Snake,210,40,60,Independent,,Yes,Yes,No,Yes,Yes
,Snowriver: Black River (UP),490,170,204,Midwest Family Ski Resorts,Indy,Yes,Yes,No,Yes,No
,Snowriver: Jackson Creek (UP),538,230,204,Midwest Family Ski Resorts,Indy,Yes,Yes,No,Yes,Yes
,Swiss Valley,225,60,60,Perfect Family,Indy,Yes,Yes,No,Yes,No
,The Highlands ,552,435,140,Boyne Resorts,"Ikon, New England Pass",Yes,Yes,No,Yes,Yes
,Timber Ridge,150,50,80,Independent,,Yes,Yes,No,Yes,Summer
,Tower Mountain,100,,N/A,Independent,,Yes,No,Yes,Yes,Summer
,Treetops,225,80,150,Independent,Indy,Yes,Yes,No,Yes,Yes
U.S. - Minnesota,Afton Alps,350,300,60,Vail Resorts,Epic,Yes,Yes,No,Yes,Yes
,Andes Tower Hills,290,35,55,Independent,Indy,Yes,Yes,No,Yes,No
,Buck Hill,309,45,60,Independent,Ikon,Yes,Yes,No,Yes,Yes
,Buena Vista,230,30,78,Independent,,Yes,Yes,No,Yes,No
,Chester Bowl,175,6,100,Independent,,Yes,Yes,No,Yes,Yes
,Cloquet Nordic Ski Club,N/A,,N/A,Independent,,Yes,Yes,Yes,Yes,No
,Coffee Mill,425,40,48,Independent,,Yes,Yes,No,Yes,No
,Como,150,15,N/A,Independent,,Yes,Yes,Yes,Yes,No
,Detroit Mountain,210,45,47,Independent,Indy,Yes,Yes,No,Yes,No
,Elm Creek,100,,N/A,Independent,,Yes,Yes,Yes,Yes,No
,Giants Ridge,500,202,62,Independent,,Yes,Yes,No,Yes,Yes
,Hyland Hills,185,35,60,Independent,,Yes,Yes,No,Yes,No
,Lutsen Mountains,825,393,120,Midwest Family Ski Resorts,Indy,Yes,Yes,No,Yes,Yes
,Mount Itasca,180,,N/A,Independent,,Yes,Yes,No,Yes,No
,Mount Kato,240,65,50,Independent,Indy,Yes,Yes,No,Yes,No
,Mount Ski Gull,230,55,50,Independent,,Yes,Yes,No,Yes,No
,Powder Ridge,300,60,45,Independent,Indy,Yes,Yes,No,Yes,No
,Spirit Mountain,700,174,100,Independent,Indy,Yes,Yes,No,Yes,Yes
,Steeplechase,240,45,N/A,Independent,Freedom,Yes,Yes,No,Yes,No
,Welch Village,360,140,45,Independent,,Yes,Yes,No,Yes,Yes
,Wild Mountain,300,100,50,Independent,Ikon,Yes,Yes,No,Yes,No
U.S. - Missouri,Hidden Valley,320,65,19,Vail Resorts,Epic,Yes,Yes,No,Yes,No
,Snow Creek,300,35,20,Vail Resorts,Epic,Yes,Yes,No,Yes,No
U.S. - Montana,Bear Canyon,590,,N/A,Independent,,Yes,Yes,Yes,No,No
,Bear Paw,900,80,140,Independent,,Yes,No,No,Yes,No
,Big Sky,"4,350","5,800",400,Boyne Resorts,"Ikon, Mountain Collective, New England Pass",Yes,Yes,No,Yes,Yes
,Blacktail,"1,440","1,000",250,Larry Scrivanich,"Indy, Powder Alliance",Yes,Yes,No,Yes,No
,Bridger Bowl,"2,700","2,000",300,Independent,,Yes,Yes,No,Yes,Yes
,Discovery,"2,388","2,200",215,Independent,,Yes,Yes,No,Yes,No
,Great Divide,"1,500","1,600",180,Independent,,Yes,Yes,No,Yes,Yes
,Lost Trail ,"1,800","1,800",325,Independent,"Indy, Powder Alliance",Yes,Yes,No,Yes,No
,Maverick Mountain,"2,020",255,250,Independent,,Yes,Yes,No,Yes,No
,Montana Snowbowl,"2,600","2,000",300,Independent,Indy,Yes,Yes,No,Yes,No
,Red Lodge,"2,400","1,635",250,JMA Ventures,Indy,Yes,Yes,No,Yes,Yes
,Showdown,"1,400",640,255,Independent,,Yes,Yes,No,Yes,No
,Teton Pass,"1,000",407,250,Independent,,Yes,Yes,No,Yes,No
,Turner,"2,110","1,000",200,Independent,,Yes,Yes,No,Yes,No
,Whitefish,"2,353","3,000",320,Independent,,Yes,Yes,No,Yes,No
,Yellowstone Club,"2,700","2,700",300,Independent,,Yes,Yes,No,No,No
U.S. - Nevada,Diamond Peak,"1,840",655,188,Independent,,Yes,Yes,No,Yes,No
,Elko Snobowl,700,60,24,Independent,,Yes,Yes,No,Yes,No
,Lee Canyon,860,195,129,Mountain Capital Partners,Power,Yes,Yes,No,Yes,Yes
,Mt. Rose,"1,800","1,200",350,Independent,,Yes,Yes,No,Yes,No
,Sky Tavern,673,,N/A,Independent,,Yes,Yes,No,No,No
U.S. - New Hampshire,Abenaki (Wolfboro),215,18,N/A,Independent,,Yes,Yes,Yes,Yes,No
,Arrowhead,120,,N/A,Independent,,Yes,Yes,Yes,Yes,No
,Attitash,"1,750",311,120,Vail Resorts,Epic,Yes,Yes,No,Yes,Yes
,Black Mountain,"1,100",140,125,Independent,Indy,Yes,Yes,No,Yes,Yes
,Bretton Woods,"1,500",464,200,Omni Hotels,,Yes,Yes,No,Yes,Yes
,Campton,313,,N/A,Independent,,Yes,Yes,No,Yes,Yes
,Cannon,"2,180",285,160,Independent,Indy,Yes,Yes,No,Yes,Yes
,Clancy (Cardigan Mtn School),60,,N/A,Independent,,Yes,Yes,Yes,No,No
,Cranmore,"1,200",170,120,Fairbank Group,"Ikon, Uphill New England",Yes,Yes,No,Yes,Yes
,Crotched,"1,016",100,65,Vail Resorts,Epic,Yes,Yes,No,Yes,Yes
,Dartmouth Skiway,968,104,100,Independent,"Indy, Uphill New England",Yes,Yes,No,Yes,No
,Granite Gorge,525,25,100,Independent,,Yes,Yes,No,Yes,Yes
,Gunstock,"1,400",227,120,Independent,,Yes,Yes,No,Yes,Yes
,Kanc Recreation Area,221,7,N/A,Independent,,Yes,Yes,Yes,Yes,Yes
,King Pine,350,45,82,Independent,"Indy Allied, Uphill New England",Yes,Yes,No,Yes,Yes
,Loon,"2,190",400,160,Boyne Resorts,"Ikon, New England Pass",Yes,Yes,No,Yes,Yes
,McIntyre,170,37,N/A,Independent,"Indy Allied, Freedom",Yes,Yes,No,Yes,Yes
,Mount Eustis,240,,N/A,Independent,,Yes,Yes,Yes,Yes,No
,Mount Sunapee,"1,510",233,130,Vail Resorts,Epic,Yes,Yes,No,Yes,Yes
,Norm Wright (Dublin School),100,,N/A,Independent,,Yes,Yes,Yes,No,No
,Pats Peak,770,115,100,Independent,Indy,Yes,Yes,No,Yes,Yes
,Proctor,436,,N/A,Independent,,Yes,Yes,Yes,No,No
,Ragged,"1,250",250,100,Pacific Group Resorts,Indy,Yes,Yes,No,Yes,Yes
,Red Hill,181,,N/A,Independent,,Yes,Yes,Yes,No,No
,Storrs Hill,300,20,N/A,Independent,,Yes,Yes,Yes,Yes,Yes
,Tenney,"1,400",110,N/A,Independent,"Indy, Uphill New England",Yes,Yes,No,Yes,Yes
,Veterans Memorial,220,50,N/A,Independent,,Yes,Yes,Yes,Yes,Yes
,Waterville Valley,"2,020",265,148,Independent,"Indy, Uphill New England",Yes,Yes,No,Yes,Yes
,Whaleback Mountain,700,85,110,Independent,"Indy, Uphill New England",Yes,Yes,No,Yes,Yes
,Wildcat,"2,112",225,200,Vail Resorts,Epic,Yes,Yes,No,Yes,Yes
U.S. - New Jersey,Big Snow American Dream,118,4,0,Snow Partners,,Yes,Yes,No,Yes,Yes
,Campgaw,274,23,45,Independent,,Yes,Yes,No,Yes,Yes
,Mountain Creek,"1,040",167,65,Snow Partners,,Yes,Yes,No,Yes,Yes
,National Winter Activity Center,620,36,65,Independent,,Yes,Yes,No,No,No
U.S. - New Mexico,Angel Fire Resort,"2,077",560,210,Independent,Powder Alliance,Yes,Yes,No,Yes,No
,Cloudcroft,700,74,120,Independent,,Yes,Yes,No,Yes,No
,Pajarito,"1,440",750,125,Mountain Capital Partners,Power,Yes,Yes,No,Yes,No
,Red River,"1,600",209,214,Independent,Freedom,Yes,Yes,No,Yes,No
,Sandia Peak,"1,700",300,125,Mountain Capital Partners,Power,Yes,Yes,No,Yes,No
,Sipapu,"1,055",205,190,Mountain Capital Partners,Power,Yes,Yes,No,Yes,No
,Ski Apache,"1,900",750,180,Independent,,Yes,Yes,No,Yes,No
,Ski Santa Fe,"1,750",660,225,Independent,,Yes,Yes,No,Yes,No
,Taos Ski Valley,"3,281","1,294",300,Independent,"Ikon, Mountain Collective",Yes,Yes,No,Yes,Yes
U.S. - New York,Beartown,150,32,N/A,Independent,,Yes,Yes,Yes,Yes,No
,Belleayre,"1,404",171,141,New York State,,Yes,Yes,No,Yes,Yes
,Brantling,250,36,100,Independent,,Yes,Yes,Yes,Yes,Yes
,Bristol,"1,200",138,130,Independent,,Yes,Yes,No,Yes,Yes
,Buffalo Ski Center,500,300,N/A,Independent,,Yes,Yes,No,Midweek,No
,Camillus,N/A,,N/A,Independent,,Yes,Yes,Yes,Yes,No
,Cazenovia Ski Club,460,25,99,Independent,Indy,Yes,Yes,Yes,No,No
,Chestnut Ridge,55,,N/A,Independent,,Yes,Yes,Yes,Yes,Yes
,Double H Ranch,N/A,,N/A,Independent,,Yes,Yes,No,No,No
,Dry Hill,300,42,125,Independent,Indy Allied,Yes,Yes,No,Yes,Yes
,Dynamite Hill,65,8,N/A,Independent,,Yes,Yes,Yes,Yes,Yes
,Emery Park,N/A,,N/A,Independent,,Yes,Yes,Yes,Yes,Yes
,Four Seasons,130,25,125,Independent,,Yes,Yes,No,Yes,Yes
,Gore,"2,537",439,150,New York State,,Yes,Yes,No,Yes,Yes
,Greek Peak,952,220,122,Independent,Indy,Yes,Yes,No,Yes,Yes
,Hickory,"1,200",225,N/A,Independent,Indy,Yes,Yes,Yes,Yes,Yes
,Holiday Mountain,400,37,90,Independent,,Yes,Yes,No,Yes,Yes
,Holiday Valley,750,290,180,Independent,,Yes,Yes,No,Yes,Yes
,Holimont,700,135,180,Independent,,Yes,Yes,No,Midweek,No
,Hunt Hollow,825,80,130,Independent,Indy,Yes,Yes,No,Midweek,Yes
,Hunter,"1,600",320,120,Vail Resorts,Epic,Yes,Yes,No,Yes,Yes
,Kissing Bridge,550,,182,Independent,,Yes,Yes,No,Yes,Yes
,Labrador,700,250,125,Peter Harris,,Yes,Yes,No,Yes,Yes
,Maple Ski Ridge,270,60,60,Independent,Indy,Yes,Yes,No,Yes,Yes
,McCauley,633,75,180,Independent,,Yes,Yes,No,Yes,Yes
,Mount Peter,450,60,50,Independent,,Yes,Yes,No,Yes,Yes
,Mount Pisgah,329,15,60,Independent,,Yes,Yes,Yes,Yes,No
,Newcomb,161,,N/A,Independent,,Yes,Yes,Yes,Yes,Yes
,Northampton,N/A,,N/A,Schoonover Family,,Yes,Yes,Yes,Yes,No
,Oak Mountain,650,100,101,Independent,,Yes,Yes,No,Yes,Yes
,Peek’n Peak,400,105,200,Independent,Indy,Yes,Yes,No,Yes,Yes
,Plattekill,"1,100",119,175,Independent,,Yes,Yes,No,Yes,Yes
,Powder Mills,N/A,,N/A,Schoonover Family,,Yes,Yes,Yes,Yes,No
,Ridin' Hy Ranch,100,10,98,Independent,,Yes,Yes,Yes,No,No
,Rocking Horse Ranch,150,10,30,Independent,,Yes,Yes,Yes,No,Summer
,Royal Mountain,550,40,90,Independent,,Yes,Yes,No,Yes,Yes
,Skaneateles,350,33,N/A,Independent,Indy Allied,Yes,Yes,Yes,Yes,No
,Ski Venture,100,,N/A,Independent,,Yes,Yes,Yes,No,No
,Snow Ridge,500,130,230,Independent,Indy,Yes,Yes,No,Yes,Yes
,Song Mountain,700,100,125,Peter Harris,,Yes,Yes,No,Yes,Yes
,Swain,650,130,120,Schoonover Family,Indy,Yes,Yes,No,Yes,Yes
,Thunder Ridge,600,100,60,Independent,,Yes,Yes,No,Yes,Yes
,Titus,"1,250",380,150,Independent,Indy,Yes,Yes,No,Yes,Yes
,Victor Constant,475,,39,Independent,,Yes,Yes,No,Yes,Yes
,Villa Roma,190,,N/A,Independent,,Yes,Yes,No,Yes,Yes
,West Mountain,"1,000",124,80,Independent,Indy,Yes,Yes,No,Yes,Yes
,Whiteface,"3,430",288,190,New York State,,Yes,Yes,No,Yes,Yes
,Willard,505,85,80,Independent,,Yes,Yes,No,Yes,Yes
,Windham,"1,600",285,100,Independent,Left Ikon,Yes,Yes,No,Yes,Yes
,Woods Valley,500,25,180,Independent,,Yes,Yes,No,Yes,Yes
U.S. - North Carolina,Appalchian Ski Mountain,365,27,27,Independent,,Yes,Yes,No,Yes,No
,Beech Mountain,831,95,84,Independent,,Yes,Yes,No,Yes,No
,Cataloochee,740,50,24,Independent,Indy,Yes,Yes,No,Yes,No
,Hatley Pointe,700,70,65,Independent,Indy,Yes,No,No,Yes,No
,Sapphire Valley,250,8,24,Independent,,Yes,Yes,No,Yes,No
,Sugar Mountain,"1,200",115,70,Independent,,Yes,Yes,No,Yes,No
U.S. - North Dakota,Bottineau Winter Park,200,40,18,Independent,Indy,Yes,Yes,No,Yes,No
,Frost Fire,350,30,35,Independent,,Yes,Yes,No,Yes,No
,Huff Hills,450,70,40,Independent,Indy,Yes,Yes,No,Yes,No
,Thrill Hills,290,30,35,Independent,,Yes,Yes,No,Yes,No
U.S. - Ohio,Alpine Valley,264,72,120,Vail Resorts,Epic,Yes,Yes,No,Yes,No
,Big Creek Ski Area,164,,N/A,Independent,,Yes,Yes,Yes,No,No
,Boston Mills,264,40,54,Vail Resorts,Epic,Yes,Yes,No,Yes,Summer
,Brandywine,240,40,54,Vail Resorts,Epic,Yes,Yes,No,Yes,Summer
,Mad River,300,144,36,Vail Resorts,Epic,Yes,Yes,No,Yes,No
,Snow Trails,300,80,52,Independent,,Yes,Yes,No,Yes,No
U.S. - Oregon,Anthony Lakes,900,"1,100",300,Independent,,Yes,Yes,No,Yes,No
,Cooper Spur,350,50,100,Drake Family,Indy,Yes,Yes,No,Yes,No
,Ferguson Ridge,640,170,300,Independent,,Yes,Yes,Yes,Yes,No
,Hoodoo,"1,035",806,350,Independent,Indy,Yes,Yes,No,Yes,Yes
,Mount Ashland,"1,150",240,300,Independent,Freedom,Yes,Yes,No,Yes,No
,Mount Bachelor,"3,365","4,323",462,Powdr,Ikon,Yes,Yes,No,Yes,Yes
,Mount Hood Meadows,"2,777","2,150",430,Drake Family,Indy,Yes,Yes,No,Yes,Yes
,Mount Hood Skibowl,"1,500",960,300,Independent,Powder Alliance,Yes,Yes,No,Yes,No
,Timberline Lodge (Inc. Summit),"4,540","1,685",540,Independent,Powder Alliance,Yes,Yes,No,Yes,Yes
,Warner Canyon,"1,080",200,50,Independent,,Yes,No,No,Yes,No
,Willamette Pass,"1,563",555,430,Mountain Capital Partners,Power,Yes,Yes,No,Yes,Yes
U.S. - Pennsylvania,Bear Creek,500,86,30,Independent,Indy,Yes,Yes,No,Yes,Yes
,Big Boulder,475,55,50,Vail Resorts,Epic,Yes,Yes,No,Yes,Yes
,Blue Knob,"1,073",100,120,Independent,Indy,Yes,Yes,No,Yes,Yes
,Blue Mountain PA,"1,140",164,33,KSL Resorts,Ikon,Yes,Yes,No,Yes,Yes
,Boyce Park,160,25,36,Independent,,Yes,Yes,No,Yes,Yes
,Camelback,850,160,50,KSL Resorts,Ikon,Yes,Yes,No,Yes,Yes
,Eagle Rock,550,,N/A,Independent,,Yes,Yes,No,No,No
,Elk Mountain,"1,000",140,65,Independent,,Yes,Yes,No,Yes,Yes
,Hidden Valley PA,470,110,140,Vail Resorts,Epic,Yes,Yes,No,Yes,Yes
,Jack Frost,600,100,50,Vail Resorts,Epic,Yes,Yes,No,Yes,Yes
,Laurel,761,70,41,Vail Resorts,Epic,Yes,Yes,No,Yes,Yes
,Liberty,620,100,31,Vail Resorts,Epic,Yes,Yes,No,Yes,Yes
,Locust Lake Village,150,,N/A,Independent,,Yes,Yes,Yes,No,No
,Montage,"1,000",140,47,Independent,Indy,Yes,Yes,No,Yes,Yes
,Mount Pleasant,320,35,150,Independent,,Yes,Yes,No,Yes,Yes
,Mystic Mountain (Nemacolin),600,27,31,Independent,,Yes,Yes,No,No,No
,Roundtop,600,103,30,Vail Resorts,Epic,Yes,Yes,No,Yes,Yes
,Saw Creek,N/A,,N/A,Independent,,Yes,Yes,No,No,No
,Seven Springs,754,285,135,Vail Resorts,Epic,Yes,Yes,No,Yes,Yes
,Shawnee Mountain,700,120,50,Independent,Indy,Yes,Yes,No,Yes,Yes
,Ski Big Bear,650,26,50,Independent,Indy,Yes,Yes,No,Yes,Yes
,Ski Sawmill,515,15,24,Independent,Indy,Yes,Yes,No,Yes,Yes
,Spring Mountain,449,45,27,Independent,,Yes,Yes,No,Yes,Yes
,The Hideout,131,,N/A,Independent,,Yes,Yes,No,No,No
,Tussey,520,38,41,Independent,Indy,Yes,Yes,No,Yes,Yes
,Whitetail,935,109,40,Vail Resorts,Epic,Yes,Yes,No,Yes,Yes
U.S. - Rhode Island,Yawgoo,240,36,39,Independent,Freedom,Yes,Yes,No,Yes,Yes
U.S. - South Dakota,Deer Mountain,800,200,150,Independent,,Yes,Yes,No,No,No
,Great Bear,190,20,49,Independent,Indy,Yes,Yes,No,Yes,No
,Terry Peak,"1,100",450,150,Independent,Indy,Yes,Yes,No,Yes,No
U.S. - Tennessee,Ober Mountain,600,38,35,Independent,Indy,Yes,Yes,No,Yes,Summer
U.S. - Utah,Alta,"2,538","2,614",540,Independent,"Ikon, Mountain Collective",Yes,Yes,No,Yes,Yes
,Beaver Mountain,"1,700",880,400,Independent,Indy,Yes,Yes,No,Yes,No
,Brian Head,"1,320",650,360,Mountain Capital Partners,Power,Yes,Yes,No,Yes,No
,Brighton,"1,745","1,050",500,Boyne Resorts,"Ikon, New England Pass",Yes,Yes,No,Yes,Yes
,Buckskin,80,10,N/A,Independent,,Yes,Yes,Yes,Yes,No
,Cherry Peak,"1,265",400,320,Independent,"Indy Allied, Freedom",Yes,Yes,No,Yes,No
,Deer Valley,"3,040","2,342",300,Alterra ,Ikon,Yes,Yes,No,Yes,Yes
,Eagle Point,"1,500",650,350,Independent,Indy,Yes,Yes,No,Yes,No
,Gateway Spanish Forks,N/A,,N/A,Gateway,,Yes,Yes,Yes,Yes,No
,Nordic Valley,"1,695",450,300,Mountain Capital Partners,Power,Yes,Yes,No,Yes,Yes
,Park City,"3,226","7,300",355,Vail Resorts,Epic,Yes,Yes,No,Yes,Yes
,Powder Mountain,"1,995","5,000",360,Independent,,Yes,Yes,No,Yes,Yes
,Snowbasin,"3,149","3,000",300,Holding Family,"Ikon, Mountain Collective, Left Epic",Yes,Yes,No,Yes,Yes
,Snowbird,"3,240","2,500",500,Powdr,"Ikon, Mountain Collective",Yes,Yes,No,Yes,Yes
,Solitude,"2,041","1,200",500,Alterra ,Ikon,Yes,Yes,No,Yes,Yes
,Sundance,"2,150",450,300,Independent,,Yes,Yes,No,Yes,Yes
,Utah Olympic Park,N/A,,N/A,Independent,,Yes,Yes,No,No,No
,Wasatch Peaks Ranch,"2,300","3,000",400,Independent,,Yes,Yes,No,No,No
,Woodward Park City,349,,150,Powdr,,Yes,Yes,No,Yes,No
U.S. - Vermont,77 Winter Sports Park,90,,N/A,Independent,,Yes,Yes,Yes,No,No
,Ascutney,450,26,N/A,Independent,,Yes,Yes,Yes,Yes,No
,Bellows Falls,200,,N/A,Independent,,Yes,No,Yes,Yes,No
,Bolton Valley,"1,701",300,300,Independent,"Indy, Uphill New England",Yes,Yes,No,Yes,Yes
,Brattleboro,204,8,N/A,Independent,,Yes,Yes,Yes,Yes,Yes
,Bromley,"1,334",178,145,Fairbank Group,Uphill New England,Yes,Yes,No,Yes,Yes
,Burke,"2,011",178,217,Independent,Indy,Yes,Yes,No,Yes,Yes
,Cochran’s,350,15,150,Independent,,Yes,Yes,Yes,Yes,No
,Hard'Ack,100,,N/A,Independent,,Yes,Yes,Yes,Yes,No
,Harrington Hill,160,,N/A,Independent,,Yes,Yes,Yes,No,Summer
,Hermitage Club,"1,400",200,N/A,Independent,,Yes,Yes,No,No,Yes
,Jay Peak,"2,153",385,349,Pacific Group Resorts,Indy,Yes,Yes,No,Yes,Yes
,Killington,"3,000","1,509",250,Phill Gross,"Ikon, Uphill New England",Yes,Yes,No,Yes,Yes
,Lyndon Outing Club,433,18,N/A,Independent,,Yes,No,Yes,Yes,No
,Mad River Glen,"2,037",115,250,Independent,,Yes,Yes,No,Yes,Yes
,Magic Mountain,"1,500",205,130,Independent,"Indy, Uphill New England",Yes,Yes,No,Yes,Yes
,Middlebury Snowbowl,"1,000",110,200,Independent,"Indy, Uphill New England",Yes,Yes,No,Yes,Yes
,Mount Snow,"1,700",601,150,Vail Resorts,Epic,Yes,Yes,No,Yes,Yes
,Northeast Slopes,360,,N/A,Independent,,Yes,Yes,Yes,Yes,Yes
,Okemo,"2,200",632,120,Vail Resorts,Epic,Yes,Yes,No,Yes,Yes
,Pico,"1,967",468,250,Phill Gross,"Ikon, Uphill New England",Yes,Yes,No,Yes,Yes
,Quechee,650,,N/A,Independent,,Yes,Yes,No,Yes,No
,Saskadena Six,650,100,90,Independent,Indy,Yes,Yes,No,Yes,Yes
,Smugglers' Notch,"2,610","1,000",288,Independent,,Yes,Yes,No,Yes,Yes
,Stowe,"2,360",485,314,Vail Resorts,Epic,Yes,Yes,No,Yes,Yes
,Stratton,"2,003",670,180,Alterra ,Ikon,Yes,Yes,No,Yes,Yes
,Sugarbush,"2,600",581,250,Alterra ,Ikon,Yes,Yes,No,Yes,Yes
,Vermont Tech,100,,N/A,Independent,,Yes,Yes,Yes,No,No
U.S. - Virginia,Bryce,500,50,30,Independent,Indy,Yes,Yes,No,Yes,Yes
,Homestead,700,45,50,Omni Hotels,,Yes,Yes,No,Yes,No
,Massanutten,"1,110",70,35,Independent,Indy,Yes,Yes,No,Yes,Yes
,Wintergreen,"1,003",129,40,Pacific Group Resorts,Indy,Yes,Yes,No,Yes,Yes
U.S. - Washington,49° North,"1,851","2,325",301,CMR Lands,Indy,Yes,Yes,No,Yes,Yes
,Badger Mountain,325,10,120,Independent,,Yes,Yes,Yes,Yes,No
,Bluewood,"1,125",355,300,Independent,Indy,Yes,Yes,No,Yes,No
,Crystal Mountain,"2,612","2,600",466,Alterra ,Ikon,Yes,Yes,No,Yes,Summer
,Echo Valley,900,70,100,Independent,,Yes,Yes,Yes,Yes,No
,Hurricane Ridge,800,250,400,Independent,Indy,Yes,Yes,Yes,Yes,No
,Leavenworth Ski Hill,200,17,150,Independent,,Yes,Yes,Yes,Yes,No
,Loup Loup,"1,240",550,150,Independent,Indy,Yes,Yes,No,Yes,No
,Meany Lodge,N/A,100,N/A,Independent,,Yes,Yes,Yes,No,No
,Mission Ridge,"2,250","2,000",200,Larry Scrivanich,"Indy, Powder Alliance",Yes,Yes,No,Yes,No
,Mt. Baker,"1,500","1,000",701,Independent,,Yes,Yes,No,Yes,No
,Mt. Spokane,"2,000","1,704",300,Independent,Freedom,Yes,Yes,No,Yes,Yes
,Sahalie Ski Club,N/A,80,N/A,Independent,,Yes,Yes,Yes,No,No
,Snoqualmie: Alpental,"2,280",875,428,Boyne Resorts,"Ikon, New England Pass",Yes,Yes,No,Yes,Yes
,Snoqualmie: Summit,"1,100","1,119",428,Boyne Resorts,"Ikon, New England Pass",Yes,Yes,No,Yes,Yes
,Stevens Pass,"1,800","1,125",460,Vail Resorts,Epic,Yes,Yes,No,Yes,Summer
,White Pass,"2,050","1,402",400,Independent,"Indy, Powder Alliance",Yes,Yes,No,Yes,No
U.S. - West Virginia,Canaan Valley,850,95,160,Independent,Indy,Yes,Yes,No,Yes,Yes
,Oglebay,168,,N/A,Independent,,Yes,Yes,No,Yes,No
,Silver Creek (Snowshoe),703,,180,Alterra ,Ikon,Yes,Yes,No,Yes,No
,Snowshoe/Western Territory,"1,500",257,180,Alterra ,Ikon,Yes,Yes,No,Yes,No
,Timberline,"1,000",100,200,Perfect Family,,Yes,Yes,No,Yes,Yes
,Winterplace,603,90,100,Independent,Indy,Yes,Yes,No,Yes,No
U.S. - Wisconsin,Alpine Valley,388,90,80,Wisconsin Resorts,,Yes,Yes,No,Yes,Yes
,Ausblick Ski Club,176,10,N/A,Independent,,Yes,Yes,No,No,No
,Blackhawk,300,,N/A,Independent,,Yes,Yes,No,No,No
,Bruce Mound,375,40,45,Independent,Indy,Yes,Yes,No,Yes,No
,Camp 10,250,120,60,Independent,,Yes,Yes,No,Yes,No
,Cascade,450,176,80,Independent,,Yes,Yes,No,Yes,No
,Christie Mountain,350,45,60,Independent,Indy,Yes,Yes,No,Yes,No
,Christmas Mountain Village,250,40,40,Independent,,Yes,Yes,No,Yes,No
,Crystal Ridge,225,30,40,Schmitz Brothers,"Indy, Freedom",Yes,Yes,No,Yes,No
,Devil’s Head,500,300,70,Independent,,Yes,Yes,No,Yes,No
,Fox Hill ,226,,N/A,Independent,,Yes,Yes,Yes,No,No
,Grand Geneva (Mountain Top),211,20,46,Independent,,Yes,Yes,No,Yes,Yes
,Granite Peak,700,155,75,Midwest Family Ski Resorts,Indy,Yes,Yes,No,Yes,Yes
,Heiliger Huegel Ski Club,200,20,N/A,Independent,,Yes,Yes,No,No,No
,Kettlebowl,325,,N/A,Independent,,Yes,Yes,No,Yes,No
,Keyes Peak,230,15,60,Independent,,Yes,Yes,Yes,Yes,No
,Little Switzerland,200,50,45,Schmitz Brothers,"Indy, Freedom",Yes,Yes,No,Yes,Yes
,Mont du Lac ,320,20,55,Independent,,Yes,Yes,No,Yes,Yes
,Mount Ashwabay,317,65,120,Independent,,Yes,Yes,No,Yes,No
,Mount La Crosse,516,100,30,Independent,,Yes,Yes,No,Yes,No
,Nordic Mountain,265,60,60,Schmitz Brothers,"Indy, Freedom",Yes,Yes,No,Yes,Yes
,Paul Bunyan,150,,65,Independent,Indy Allied,Yes,Yes,Yes,Yes,No
,Powers Bluff,250,,N/A,Independent,,Yes,Yes,No,Yes,No
,Standing Rocks Park,125,30,45,Independent,,Yes,Yes,No,Yes,No
,Sunburst,214,40,50,Independent,,Yes,Yes,No,Yes,No
,Sunset Hill (Forest Springs),N/A,,N/A,Independent,,Yes,Yes,Yes,Yes,No
,Triangle Sports Area,75,,N/A,Independent,,Yes,Yes,No,Yes,No
,Trollhaugen,260,86,50,Independent,Indy,Yes,Yes,No,Yes,Yes
,Tyrol Basin,300,40,41,Independent,Indy,Yes,Yes,No,Yes,No
,Whitecap Mountains,400,400,200,Independent,,Yes,Yes,No,Yes,Yes
,Whitetail Ridge,185,,N/A,Independent,,Yes,Yes,Yes,Yes,No
,Wilmot,194,120,48,Vail Resorts,Epic,Yes,Yes,No,Yes,Yes
,Winter Park (Keewaunee ),100,5,N/A,Independent,,Yes,Yes,Yes,Yes,No
U.S. - Wyoming,Antelope Butte,"1,000",225,200,Independent,Indy,Yes,Yes,No,Yes,No
,Beartooth Basin,"1,000",90,N/A,Independent,,Yes,No,Yes,Yes,No
,Grand Targhee,"2,270","2,602",500,Independent,Mountain Collective,Yes,Yes,No,Yes,No
,Hogadon Basin,600,60,140,Independent,,Yes,Yes,No,Yes,No
,Jackson Hole,"4,139","2,500",459,Independent,"Ikon, Mountain Collective",Yes,Yes,No,Yes,Yes
,Meadowlark,"1,000",300,160,Independent,Indy,Yes,Yes,No,Yes,No
,Pine Creek,"1,400",370,150,Independent,,Yes,Yes,No,Yes,No
,Snow King,"1,571",500,300,Independent,"Indy, Powder Alliance",Yes,Yes,No,Yes,No
,Snowy Range,865,250,245,Independent,,Yes,Yes,No,Yes,No
,White Pine,"1,100",370,150,Independent,Indy,Yes,Yes,No,Yes,No
,,,,,,,,,,,
,,,,,,,,,,,
,,,,,,,,,,,
,,,,,,,,,,,
,,,,,,,,,,,
,,,,,,,,,,,
,,,,,,,,,,Yes,223
,,,,,,,,,,No,260
,,,,,,,,,,Summer,18